{
    "Australian Capital Territory (Canberra)": 0.5916156963039426,
    "Greater Adelaide": 0.4731188355588878,
    "Greater Brisbane": 0.7782725427280466,
    "Greater Darwin": 0.42348809585291536,
    "Greater Hobart": 0.5025251262563128,
    "Greater Melbourne": 0.5979925899138219,
    "Greater Perth": 0.6213261339919964,
    "Greater Sydney": 0.5584054498395733
}